CountyFIPS,State,County,PopulationSize,PopulationChangeRate_2010_2020,PopulationChangeRate_2020_2021,GDP_2021_thousands,GDP_staterank2021,GDP_pctchange_2020_2021,GDP_pctchange_staterank2021,TribeName,TribeAcres,DAC_StatusYES_NumTracts,DAC_StatusYES_PctTracts,SVI_OverallRanking,SVI_Socioeconomic,SVI_HouseholdCharacteristics,SVI_MinorityStatus,SVI_HousingTransportation,PctAge65andOlder,PctUnderAge18,PctBlackNonHispanic,PctHispanic,PctNativeAmerican,PctWhiteNonHispanic,PctMultipleRace,PctLimitedEnglishSpeaking,PctForeignBorn,PctLessThanHS,PctHSDiplomaOnly,PctSomeCollege,PctAssocDegree,PctCollegePlus,MedianHHInc,PovertyRate,EnergyBurden,UnemploymentRate,Literacy_AvgScore,Literacy_PctLevel1,Literacy_PctLevel2,Literacy_PctLevel3,Numeracy_AvgScore,Numeracy_PctLevel1,Numeracy_PctLevel2,Numeracy_PctLevel3,HealthRank_HealthOutcomes,HealthRank_LengthOfLife,HealthRank_QualityOfLife,HealthRank_HealthFactors,HealthRank_HealthBehaviors,HealthRank_ClinicalCare,HealthRank_SocialEconomicFactors,HealthRank_PhysicalEnvironment,Cancer_PctTractsOver75thPctile,Respiratory_PctTractsOver75thPctile,DieselPM_PctTractsOver75thPctile,PM25_PctTractsOver75thPctile,Ozone_PctTractsOver75thPctile,LeadPaint_PctTractsOver75thPctile,NPL_PctTractsOver75thPctile,RMP_PctTractsOver75thPctile,TSDF_PctTractsOver75thPctile,UST_PctTractsOver75thPctile,Wastewater_PctTractsOver75thPctile,ClimateLifeLoss_PctTractsOver75thPctile,Uninsured_PctTractsOver75thPctile,FoodDesert_PctTractsOver75thPctile,NoInternet_PctTractsOver75thPctile,Over30minCommute_PctTractsOver75thPctile,AvgCommute_mins,TotalWorkforce,FossilEmpRank_PctTractsOver75thPctile,CoalEmpRank_PctTractsOver75thPctile,PctEmpExtraction,PctJobs_ManagementBusinessFinancial,PctJobs_ComputerEngineeringScience,PctJobs_EducationLegalArtsMedia,PctJobs_Healthcare,PctJobs_Service,PctJobs_SalesOffice,PctJobs_NaturalResourcesConstructionMaintenance,PctJobs_ProductionTransportation,OutageNumber,OutageDuration,NameplateCapacity_Total_MW,NameplateCapacity_Wind_MW,Pct_NameplateCapacity_Wind,NameplateCapacity_SolarPV_MW,Pct_NameplateCapacity_SolarPV,NameplateCapacity_Batteries_MW,Pct_NameplateCapacity_Batteries,NameplateCapacity_LandfillGas_MW,Pct_NameplateCapacity_LandfillGas,NameplateCapacity_NaturalGasCC_MW,Pct_NameplateCapacity_NaturalGasCC,NameplateCapacity_NaturalGasCT_MW,Pct_NameplateCapacity_NaturalGasCT,NameplateCapacity_NaturalGasST_MW,Pct_NameplateCapacity_NaturalGasST,NameplateCapacity_NaturalGasICE_MW,Pct_NameplateCapacity_NaturalGasICE,NameplateCapacity_PetroleumLiquids_MW,Pct_NameplateCapacity_PetroleumLiquids,NameplateCapacity_Coal_MW,Pct_NameplateCapacity_Coal,NameplateCapacity_Hydro_MW,Pct_NameplateCapacity_Hydro,Oil_BBL_2022,Oil_Condensate_BBL_2022_TX,Gas_Casinghead_MCF_2022_TX,Gas_GW_MCF_2022_TX,Gas_MCF_2022_NM,ElectricalPowerTransmissionLine_km,ElectricalPowerTransmissionLine_miles,CrudeOilPipeline_km,CrudeOilPipeline_miles,PetroleumPipeline_km,PetroleumPipeline_miles,NaturalGasPipeline_km,NaturalGasPipeline_miles,CO2Pipelines_km,CO2Pipelines_miles,UtilityPV_TechPotential,ResidentialPV_TechPotential,CommercialPV_TechPotential,LandbasedWind_TechPotential,DistributedWind_TechPotential,GeothermalHeatPump_EconPotential
35013,NM,Dona Ana County,221508,4.936123843,0.731699553,6847115,3,3,10,NA,NA,27,65.9,0.9898,0.9723,0.9201,0.9717,0.971,16.13219105,23.87445858,1.444701017,67.25784634,0.66632963,27.21293855,27.37143664,10.5,15.97473379,19.25569491,21.53291226,20.89831472,8.27371509,30.03936301,47151,23.19793202,2,6.6,240.4,38.4,27.5,34.1,221.2,49.7,23.5,26.8,7,2,18,10,9,15,10,31,18.03278689,1.639344262,3.278688525,0,100,6.557377049,50.81967213,1.639344262,1.639344262,19.67213115,NA,21.95121951,34.14634146,0,68.29268293,4.87804878,22.7,88492,100,100,0.901776432,11.33209782,6.528273742,13.71649415,5.164308638,22.26076934,21.33074176,10.9851738,8.682140758,0,0,748.5,0,0,54.3,7.3,1,0.1,3.2,0.4,287,38.3,136.5,18.2,266.5,35.6,0,0,0,0,0,0,0,0,0,NA,NA,NA,0,739.2,459.3,0,0,190.5,118.4,144.3,89.7,0,0,410916854.9,450429.52,265080.19,43326413.52,11359081.47,245.5658368
35005,NM,Chaves County,64629,-0.74339249,-0.827093052,1887351,12,-3.1,24,NA,NA,13,81.2,0.9516,0.8466,0.978,0.9354,0.8374,15.64221803,26.37629111,1.453412527,56.93478828,0.630784106,37.51707414,18.83297267,5.2,11.34063432,20.11041767,26.54344695,27.29476716,9.111857897,16.93951032,47620,21.24181437,2,7.1,241.5,35.9,32,32.1,224.8,46.8,28.4,24.8,20,23,16,25,16,28,22,21,0,0,0,0,100,29.41176471,70.58823529,0,0,35.29411765,NA,12.5,18.75,0,75,0,17.8,26853,100,100,2.11894388,9.376978364,2.599337132,11.44006256,5.630655793,20.86917663,21.47990913,12.32264551,16.28123487,0,0,159.3,15,9.4,144.3,90.6,0,0,0,0,0,0,0,0,0,0,0,0,0,0,0,0,0,0,1636952,NA,NA,NA,10510906,451.5,280.5,158.6,98.6,281.3,174.8,545.6,339,108.4,67.4,831318002,173267.44,327076.26,109672058.5,7658127.28,33.71007251
35025,NM,Lea County,73004,15.02927681,-2.121041482,6384070,4,-12,32,NA,NA,10,55.6,0.9083,0.8215,0.8504,0.9465,0.8851,10.97844336,29.17063998,3.353703579,60.69840843,0.640655429,31.93203949,20.89584313,9.9,17.48896801,23.76541076,32.55674617,21.20290356,7.634520106,14.8404194,62319,16.7561087,2,9.6,235.6,39.4,35.2,25.4,219.9,50.1,31,18.9,14,15,11,28,27,30,25,30,0,0,0,0,100,16.66666667,0,11.11111111,0,5.555555556,NA,50,50,0,38.88888889,0,23.7,29927,100,100,16.0022722,11.72519798,2.987269021,10.65927089,2.846927524,13.42600327,20.37624887,19.36712667,18.61195576,0,0,1811.3,307,16.9,45.1,2.5,0,0,0,0,674.3,37.2,359.4,19.8,379,20.9,46.5,2.6,0,0,0,0,0,0,341140104,NA,NA,NA,987530287,1156.4,718.6,304.6,189.3,70.4,43.7,1529.8,950.6,319.9,198.8,771322461.2,164574.6,388605.68,68654517.65,10632610.48,66.38383422
35015,NM,Eddy County,60911,15.76287875,-2.162005879,7359252,2,-12,31,NA,NA,6,50,0.6935,0.4589,0.9026,0.8956,0.5461,14.158937,26.3070899,1.269377668,50.24071637,0.831273871,43.55201078,18.72131463,4.7,6.203352102,16.97065016,31.31072271,24.82433221,9.99467289,16.89962203,67759,14.70008775,2,6.4,247.1,28.7,38.4,32.8,230.5,39.5,38.6,21.9,13,22,2,19,25,18,11,28,0,0,0,0,100,23.07692308,0,15.38461538,0,23.07692308,0,8.333333333,33.33333333,0,33.33333333,0,20.9,27373,100,100,15.8513864,14.44854419,4.453293391,8.574142403,4.624995433,14.4704636,19.15391079,18.12735177,16.14729843,0,0,10.1,0,0,10.1,100,0,0,0,0,0,0,0,0,0,0,0,0,0,0,0,0,0,0,233796620,NA,NA,NA,1187358536,825.9,513.2,183.4,114,33.4,20.7,1652.6,1026.9,24.7,15.3,572804298.7,158208.56,274323.67,54613926.67,8394980.79,26.21448339
35035,NM,Otero County,68537,6.335721115,0.996153903,2558382,9,4.1,9,Mescalero                                         ,462110.3,9,56.2,0.922,0.8511,0.9017,0.8857,0.8676,17.13910877,23.02657763,3.388906086,38.55009655,6.151328882,45.5947169,18.30657881,5.8,9.835359149,13.67068309,29.13650638,27.59526938,9.472371322,20.12516983,46949,18.93314947,3,6.6,250.8,28.4,33.9,37.7,233.9,39.9,31.5,28.7,6,9,10,13,22,19,9,11,0,0,0,0,100,9.523809524,0,4.761904762,0,14.28571429,NA,62.5,12.5,0,43.75,12.5,21.4,22919,100,100,1.130066757,12.53981413,3.355294734,9.34159431,4.035952703,21.91195078,23.0638335,15.00065448,10.75090536,0,0,18,0,0,18,100,0,0,0,0,0,0,0,0,0,0,0,0,0,0,0,0,0,0,0,NA,NA,NA,0,603.9,375.3,0,0,169.7,105.5,82.4,51.2,0,0,481800364.5,137073.28,86338.99,88972444.87,11300323.39,43.96071447
35041,NM,Roosevelt County,19019,-3.300413181,-0.517836594,632752,18,0.5,17,NA,NA,5,100,0.9784,0.9847,0.9437,0.8698,0.8517,14.60059403,24.75639623,2.308373717,43.7548851,0.849356469,48.60611745,16.1846699,4.6,10.63309577,16.94839858,31.17437722,24.27935943,5.84519573,21.75266904,47897,22.76593394,3,5.6,244.8,33.8,32.6,33.5,226.8,46.3,27.4,26.3,10,11,9,21,21,32,7,19,0,0,0,0,100,0,0,60,0,20,NA,80,40,0,20,0,17,8283,100,100,1.315948328,10.95013884,2.982011349,13.65447302,3.790897018,17.10732826,17.45744296,15.34468188,18.71302668,0,0,942,942,100,0,0,0,0,0,0,0,0,0,0,0,0,0,0,0,0,0,0,0,0,389208,NA,NA,NA,1275043,510.1,317,0,0,58.1,36.1,139.1,86.4,53.6,33.3,415111915.9,43698.44,44275.83,46437466.09,8300670.1,21.02413221
48141,TX,El Paso County,867947,8.119683206,0.214064771,30648707,8,3.7,76,Ysleta Del Sur Pueblo Of Texas                    ,3130.678,111,68.9,0.9803,0.9838,0.9118,0.992,0.8781,12.37903696,25.4945088,2.820401152,82.63677184,0.273202897,11.34617984,35.84179415,21.7,23.59250888,20.24416302,23.78884176,22.29537356,9.007350517,24.66427114,50919,19.27351362,2,6.2,235.2,40.7,29.1,30.2,216,51.1,27.6,21.2,67,33,153,81,22,100,133,194,96.27659574,2.127659574,0.531914894,0,100,14.89361702,0,36.70212766,0,11.70212766,NA,3.726708075,85.71428571,0,42.23602484,6.211180124,24,366029,0,0,0.7865497,11.95451727,3.510377593,10.9892932,5.628242571,20.92183953,23.75003074,9.909324125,13.33637499,322,323,1535.4,0,0,15.5,1,0,0,0,0,597,38.9,633.7,41.3,285,18.6,4.2,0.3,0,0,0,0,0,0,NA,NA,NA,NA,NA,722.1,448.7,0,0,142.8,88.7,372.5,231.4,0,0,88713743.25,2006690.65,2901413.26,8655043.76,9803198.42,531.8499965
48303,TX,Lubbock County,314451,11.40762684,0.973607904,12845631,20,2.5,108,NA,NA,23,33.8,0.8269,0.8129,0.4809,0.859,0.8619,12.60466329,23.53117284,8.261358039,35.14368769,0.462272928,49.89521599,13.94158493,2.7,6.289454923,12.12816771,25.89094923,22.72118658,7.127593877,32.13210259,56529,17.69362308,2,4.5,257.3,25.6,31.8,42.6,241.3,36,31,33,128,155,105,31,61,12,54,108,NA,NA,NA,0,100,15.09433962,0,20.75471698,0,20.75471698,NA,64.70588235,55.88235294,NA,20.58823529,0,16.8,151716,100,0,1.471169817,14.52846107,3.880276306,13.42574284,6.945213425,18.55769991,22.56189196,8.697830156,11.40288434,0,0,1122.2,18.7,1.7,0,0,0,0,0,0,84,7.5,426.9,38,592.6,52.8,0,0,0,0,0,0,0,0,824515,0,66456,0,NA,672.4,417.8,110.9,68.9,23.9,14.9,223.9,139.1,0,0,135838335.5,717527.33,2111318.33,7230973.88,18221681.08,215.8115098
48329,TX,Midland County,167969,24.19121515,-1.322986001,28124795,11,-4.9,197,NA,NA,3,11.1,0.6614,0.5242,0.6731,0.9023,0.5878,9.93393457,27.56099139,6.156498003,43.14019637,0.403569769,44.99685263,19.06308278,4.7,13.78201289,15.48338659,24.23766989,23.14615177,8.361567782,28.77122396,88210,11.08803333,2,5.7,256.7,25.6,32.1,42.3,243.1,33.9,33.9,32.2,36,51,50,37,29,42,51,168,NA,NA,NA,0,100,13.51351351,64.86486486,18.91891892,0,16.21621622,NA,25.92592593,77.77777778,NA,14.81481481,0,21.1,84612,100,100,19.40150333,18.02817567,7.60057675,8.172599631,3.672055973,13.48744859,22.4578074,14.33720985,12.24412613,54,2455,0,0,0,0,0,0,0,0,0,0,0,0,0,0,0,0,0,0,0,0,0,0,0,221034645,61607,715794887,3165962,NA,669.9,416.3,228,141.6,123.8,77,441.2,274.1,13.1,8.1,148180954.6,417103.87,406575.82,6276089.71,8749291.29,85.67472955
48441,TX,Taylor County,143326,8.898453303,-0.039753667,6558332,38,3.2,91,NA,NA,14,36.8,0.7696,0.5834,0.7998,0.7651,0.7855,14.47614658,24.19068767,7.667169432,24.26959388,0.411289872,60.97145411,11.99304508,2.5,6.732092085,10.64497157,29.54783952,23.32414636,8.621146949,27.86189559,57811,14.02297495,3,4.3,262.3,22.1,35.1,42.8,247,32.6,34.6,32.8,154,163,133,39,73,22,48,91,NA,NA,NA,0,0,36.58536585,0,26.82926829,0,24.3902439,NA,13.15789474,57.89473684,NA,47.36842105,0,16.9,66625,100,100,1.340337711,12.05703565,2.824765478,11.54821764,8.31369606,20.34821764,22.05478424,10.79324578,12.06003752,0,0,971.3,970.1,99.9,0,0,0,0,0,0,0,0,0,0,0,0,1.2,0.1,0,0,0,0,0,0,304131,0,101022,10653,NA,731.1,454.3,175.2,108.9,140,87,298.3,185.3,0,0,116959687.4,352826.35,287011.23,12093392.73,15347577.12,87.83107804
48135,TX,Ector County,161091,20.44847954,-2.644636091,11097612,25,-2.9,179,NA,NA,12,42.9,0.8985,0.8924,0.7861,0.9605,0.7673,9.384819369,27.67495505,4.498368358,60.57419281,0.343886033,30.89101598,23.36971987,9.1,15.60604745,23.67253873,29.7705314,22.52415459,7.764867566,16.26790771,64975,14.10851548,3,8.3,239.5,36.3,34.6,29.1,224,46.1,33.3,20.7,182,200,143,181,128,128,197,148,0,0,0,0,100,21.21212121,78.78787879,21.21212121,3.03030303,27.27272727,NA,10.71428571,82.14285714,0,28.57142857,0,26.2,74351,100,100,15.0502347,10.9547955,2.681873815,6.821697085,5.10551304,14.08992482,21.36353243,18.17325927,20.80940404,84,2755,2485.4,152.5,6.1,196.8,7.9,45.9,1.8,0,0,1703.2,68.5,358.8,14.4,0,0,1.2,0,27,1.1,0,0,0,0,18428226,4877,37337766,1960960,NA,702.5,436.5,169.3,105.2,113.8,70.7,292.5,181.7,106.3,66,151355817.9,347258.79,454456.68,5300380.53,8882246.61,142.7956217
48451,TX,Tom Green County,119411,8.871933517,-0.577827734,5941735,40,2.1,114,NA,NA,4,16,0.8262,0.6299,0.7616,0.8616,0.8959,15.59544345,23.53941151,3.341583127,39.22068615,0.304992375,51.99036691,17.78205545,3.2,5.407902695,12.56429385,29.50907639,25.50420773,7.325245069,25.09717696,62052,11.8102708,2,4.9,255.1,25.8,34.1,40.1,240.3,35.3,34.7,30.1,68,70,76,29,68,24,34,37,66.66666667,3.703703704,0,0,0,18.51851852,0,3.703703704,0,7.407407407,NA,8,60,0,32,0,18.6,56338,100,0,3.924526962,13.14920657,4.133977067,10.64113032,6.155703078,17.74645887,24.46483723,12.5936313,11.11505556,0,0,350,150,42.9,200,57.1,0,0,0,0,0,0,0,0,0,0,0,0,0,0,0,0,0,0,280825,4436,2105070,310143,NA,738.6,459,8.8,5.5,24.8,15.4,145.6,90.5,0,0,212453459.4,311301.04,252638.53,20722556.91,10543186.28,58.54550201
48165,TX,Gaines County,21895,23.23405227,0.89396802,2845067,69,-12.2,236,NA,NA,3,100,0.7584,0.5901,0.8759,0.8412,0.6088,8.565607927,34.55412538,1.11584406,38.8971201,0.19446245,58.12575238,17.42753959,12.9,27.00429914,38.44397612,32.55180892,13.65472427,4.618897085,10.73059361,67728,13.95227478,2,4.6,231.5,41.8,38.8,19.4,219,52.3,32.7,15,37,37,68,192,155,238,169,55,0,0,0,0,100,0,0,0,0,0,NA,66.66666667,100,0,66.66666667,0,20.2,8470,0,0,10.31877214,16.42266824,2.691853601,4.92325856,2.207792208,12.88075561,15.3364817,29.91735537,15.61983471,0,0,0,0,0,0,0,0,0,0,0,0,0,0,0,0,0,0,0,0,0,0,0,0,0,19864187,3492,17637717,1900470,NA,336.6,209.1,263.9,164,20.1,12.5,363.9,226.1,283.9,176.4,247612130.5,47715.22,278811.06,23058962.71,5419251.62,14.57752182
48169,TX,Garza County,5863,-9.982974772,1.190887125,308906,209,-0.4,155,NA,NA,1,100,0.6359,0.7441,0.1241,0.9297,0.6136,11.53713893,17.65818432,3.954607978,56.25859697,0.481430536,37.17331499,7.840440165,5,26.50854552,33.79326473,32.39008419,20.53320861,1.637043966,11.6463985,64871,13.76574895,3,5,222.6,50.3,33,16.7,210.8,60.4,22.6,17,32,11,160,190,191,232,157,35,0,0,0,0,100,0,0,0,0,33.33333333,NA,100,100,0,0,0,21.1,1735,0,0,11.81556196,14.00576369,1.729106628,9.39481268,3.112391931,16.08069164,14.75504323,12.33429395,28.58789625,0,0,0,0,0,0,0,0,0,0,0,0,0,0,0,0,0,0,0,0,0,0,0,0,0,1769778,0,850897,0,NA,93.3,58,59.7,37.1,0,0,30.9,19.2,50,31.1,124479944.6,11208.25,66553.33,16599603.01,3056025.49,0.009492402
48235,TX,Irion County,1552,-5.378361476,1.97109067,1546821,102,-23.5,253,NA,NA,0,0,0.3746,0.5449,0.1996,0.7091,0.1951,20.81956378,21.74487773,0.39656312,23.06675479,0.594844679,73.49636484,10.77329808,0.6,3.601286174,11.31898971,26.28624883,34.42469598,9.635173059,18.33489242,39770,14.98392283,3,4.9,264.1,15.7,42.4,41.9,247.5,26.6,47,26.4,155,102,184,14,32,27,9,124,0,0,0,0,0,0,0,0,0,0,NA,100,100,0,100,0,17.5,636,100,0,21.85534591,9.905660377,1.729559748,4.874213836,0.471698113,20.44025157,24.37106918,12.57861635,25.62893082,0,0,302.4,302.4,100,0,0,0,0,0,0,0,0,0,0,0,0,0,0,0,0,0,0,0,0,8735380,14211,131476774,1119414,NA,123,76.5,0,0,0,0,124.4,77.3,0,0,139886752.2,4958.33,31854.69,21751351.31,2302498.46,0
48301,TX,Loving County,57,-21.95121951,-14.92537313,8094120,33,-25.6,254,NA,NA,0,0,0.1334,0.0407,0.5341,0,0.3873,6.25,37.5,0,1.5625,1.5625,87.5,9.375,3,1.204819277,5.769230769,17.30769231,28.84615385,48.07692308,0,NA,1.204819277,3,0.9,260.5,23.5,38.3,38.2,247,33.6,37.9,28.5,NR,NR,NR,NR,NR,NR,NR,NR,100,0,0,0,100,100,0,0,0,0,0,0,100,0,100,0,N,26,0,0,26.92307692,61.53846154,0,0,0,0,11.53846154,0,26.92307692,0,0,0,0,0,0,0,0,0,0,0,0,0,0,0,0,0,0,0,0,0,0,0,0,0,85816766,58643459,197115634,355559559,NA,45.8,28.5,104.3,64.8,45.5,28.2,276.4,171.7,25.7,16,117310995.8,185.25,3675.03,8574072.35,147347.76,0.0000433
48501,TX,Yoakum County,7607,-2.348013707,-0.808449602,2612559,73,-17.2,245,NA,NA,2,100,0.4831,0.6404,0.2845,0.9593,0.1875,11.67143228,28.86664934,0.714842735,64.56979465,0.285937094,32.33688589,23.36885885,13.1,20.00778513,27.09443615,29.6312087,27.20102324,5.308036666,10.76529525,73102,11.28843908,2,7.8,233.6,40.3,34.2,25.4,218.7,49.9,31.8,18.3,81,154,40,169,56,233,187,72,0,0,0,0,100,0,0,50,0,0,NA,100,100,0,50,0,25,3319,0,0,23.01898162,13.79933715,1.747514312,9.942753842,4.941247364,16.42060862,9.370292257,30.00903887,13.76920759,0,0,1016.5,0,0,0,0,0,0,0,0,521,51.3,495.5,48.7,0,0,0,0,0,0,0,0,0,0,26970936,0,51325175,56762,NA,479.9,298.2,163.8,101.8,0,0,74.8,46.5,232.8,144.6,131520285.7,21990.07,208318.24,10214884.52,2647166.16,0.004812677
48465,TX,Val Verde County,47564,-2.645307801,-0.037829431,1632065,100,4.6,66,NA,NA,7,70,0.9866,0.8912,0.9771,0.9885,0.9717,13.81919052,26.50989787,1.130584626,80.29042155,0.119783129,16.46702812,34.91993443,13,22.19733289,29.09021539,25.70150186,17.69622975,7.946307794,19.5657452,51949,17.11591767,3,5.9,224.9,47.9,30.6,21.6,207.5,58.5,25.4,16,66,67,82,191,174,178,175,162,35.71428571,0,0,0,0,7.142857143,0,21.42857143,0,0,NA,50,70,0,60,0,17.9,19210,0,0,3.0661114,11.03071317,1.978136387,9.427381572,4.284226965,22.74856845,22.36335242,12.7121291,15.45549193,0,0,216.5,149.3,69,0,0,0,0,0,0,0,0,0,0,0,0,1.2,0.6,0,0,0,0,66,30.5,836,86,0,3426877,NA,277.8,172.6,218.8,135.9,0,0,96.7,60.1,0,0,221521339.2,114665.89,66964.63,65918631.69,6699529.37,25.75433098
48115,TX,Dawson County,12413,-9.954456734,-0.209020018,799174,153,-9.8,224,NA,NA,3,75,0.9908,0.9854,0.9806,0.9567,0.8504,14.21804753,24.13294798,6.799935774,54.32723186,0.184649968,36.84971098,15.79961464,6.6,4.583299652,29.15436931,33.05530604,18.31130502,5.787244963,13.69177467,42778,22.54043768,4,7,231.7,40.6,37.7,21.6,214.7,52.6,33.2,14.3,242,231,241,225,223,203,223,133,0,0,0,0,100,0,0,0,0,25,0,25,100,0,50,0,18.8,4317,0,0,7.713690063,10.74820477,2.98818624,11.48946027,2.965022006,21.31109567,20.31503359,17.72063933,12.46235812,4,2880,363.2,211.2,58.1,152,41.9,0,0,0,0,0,0,0,0,0,0,0,0,0,0,0,0,0,0,4099877,0,1926989,0,NA,203.6,126.5,0,0,0,0,74.7,46.4,80.2,49.8,149969060.8,39005.07,94220.5,11976684.86,4756358.07,20.06323658
48153,TX,Floyd County,5350,-16.1960906,-0.520639643,332592,201,24.2,6,NA,NA,1,50,0.7616,0.5863,0.972,0.9402,0.344,19.23361718,27.26767864,2.313957793,56.77526842,0.129581636,38.48574602,26.89744539,5.5,8.050383352,26.33652223,29.62858751,20.79347214,8.300506472,14.94091165,54007,13.32597092,3,5.8,239.9,37.5,32.2,30.3,223.6,47.8,29.4,22.8,205,206,188,107,66,151,166,33,0,0,0,0,100,100,0,100,0,0,0,0,100,0,50,0,23.3,2306,0,0,1.040763226,13.31309627,1.517779705,7.328707719,2.515177797,23.72072853,20.68516912,16.30529055,14.6140503,0,0,761.4,761.4,100,0,0,0,0,0,0,0,0,0,0,0,0,0,0,0,0,0,0,0,0,0,0,0,0,NA,512,318.1,52.8,32.8,0,0,35.7,22.2,0,0,143391247.5,19706.38,109810.52,15360763.22,5771476.13,1.780565474
48227,TX,Howard County,34128,-0.434136867,-1.922579533,8729519,29,2.4,110,NA,NA,5,50,0.9096,0.8558,0.81,0.8873,0.8947,12.59036145,22.94320138,4.360298336,46.39701664,0.605278256,44.95697074,13.97016638,2,10.5401502,19.45512144,33.94720169,26.09081309,6.791974657,13.71488912,60260,15.98875229,3,6.5,244.5,31.1,38,30.9,228.9,42,36.3,21.7,197,186,193,160,169,103,161,139,0,0,0,0,100,30,0,30,0,10,0,20,70,0,60,0,21,14007,0,0,13.60034269,12.14392804,1.677732562,10.75890626,5.211679874,19.78296566,17.62690084,17.60548297,15.1924038,0,0,709.5,477.5,67.3,0,0,2,0.3,0,0,230,32.4,0,0,0,0,0,0,0,0,0,0,0,0,125289595,1523,291979473,149453,NA,634.5,394.3,221.5,137.7,71,44.1,112.3,69.8,68.3,42.4,139836187.2,93703.48,124146.54,8496036.18,7195523.28,67.61350647
48445,TX,Terry County,11754,-6.481701051,-0.322252374,639310,168,-11.5,232,NA,NA,3,100,0.987,0.9764,0.9564,0.9179,0.9268,14.76629194,27.46175302,3.287972276,55.52362438,0.245118756,38.87245372,21.81556927,9.7,8.385691547,27.02739354,31.787361,25.25088148,4.203959859,11.73040412,47734,22.27101631,4,6.1,231.9,40.7,36.7,22.6,216.9,51.6,32.2,16.1,237,221,237,229,241,197,211,163,0,0,0,0,100,0,0,33.33333333,0,0,NA,66.66666667,100,0,66.66666667,0,19.5,4851,0,0,13.79097093,9.853638425,1.546072975,7.008864152,4.184704185,20.24324881,20.22263451,23.21170893,13.72912801,0,0,0,0,0,0,0,0,0,0,0,0,0,0,0,0,0,0,0,0,0,0,0,0,0,2434917,0,339182,0,NA,295,183.3,70,43.5,0,0,149.8,93.1,68.8,42.8,150683360.3,37812.8,180671.53,12610984.36,4158607.82,3.148581195
48335,TX,Mitchell County,9070,-4.39221525,0.946021146,421300,185,-7,212,NA,NA,0,0,0.5656,0.3966,0.2292,0.8842,0.8488,14.92769744,19.74416018,10.28921023,38.42046719,0.378197998,48.14238042,9.666295884,9.6,2.583398854,17.75192344,43.29142428,22.18052167,6.849315069,9.926815538,50144,9.910664433,3,7.1,238.3,34,40.6,25.4,224,45.2,37.7,17.1,112,77,156,162,97,170,204,31,0,0,0,0,100,50,0,0,0,0,0,100,50,0,100,0,22.6,3342,0,0,4.847396768,9.99401556,0.119688809,8.019150209,2.214242968,29.02453621,26.69060443,16.63674446,7.301017355,0,0,686.4,150,21.9,0,0,0,0,0,0,0,0,0,0,0,0,0,0,536.4,78.1,0,0,0,0,1850008,0,491538,0,NA,502.3,312.1,165,102.5,101.4,63,255.7,158.9,8.5,5.3,142477206,23221.57,39084.82,14104985.41,4312006.33,6.648849876
48003,TX,Andrews County,18440,25.86230218,-0.924134967,4943746,47,5.2,57,NA,NA,1,25,0.6419,0.6219,0.6935,0.9252,0.3125,9.425040301,30.42450296,1.031703385,55.88393337,0.515851693,39.79043525,20.70929608,8.5,15.95908491,23.93558952,31.30458515,18.34970888,7.587336245,18.8227802,80518,12.28050801,2,5.9,237,36.8,38.4,24.8,222,46.9,36.4,16.6,58,72,59,148,93,220,135,127,0,0,0,0,100,0,0,0,0,50,NA,50,75,0,25,0,26.7,9012,0,0,18.93031514,11.54016866,3.151353751,10.14203285,4.738126942,18.02041722,18.30892144,19.8069241,14.29205504,0,0,1297.7,160.7,12.4,1070,82.5,40,3.1,0,0,0,0,0,0,0,0,0,0,27,2.1,0,0,0,0,48309654,1276256,82739328,8460200,NA,299.6,186.1,220.1,136.7,54.3,33.8,329.1,204.5,122.2,76,260067235.7,48724.67,55279.18,17521128.48,1924160.61,2.454360036
48033,TX,Borden County,617,-1.560062402,-3.744149766,710857,162,-9.6,222,NA,NA,0,0,0.3396,0.0716,0.992,0.4822,0.1735,24.08874802,25.35657686,0.158478605,13.62916006,0,83.67670365,6.656101426,0,0.727272727,7.82122905,24.8603352,21.7877095,7.541899441,37.98882682,68500,2.363636364,2,2.4,284.1,8.9,31.6,59.6,275.3,14.2,36.8,49,NR,NR,NR,NR,NR,NR,NR,NR,0,0,0,0,100,0,0,0,0,0,NA,100,0,0,0,100,22.5,195,0,0,7.692307692,22.56410256,0,15.8974359,1.025641026,7.179487179,13.84615385,28.20512821,11.28205128,0,0,1323,798,60.3,525,39.7,0,0,0,0,0,0,0,0,0,0,0,0,0,0,0,0,0,0,6634099,0,7357894,0,NA,336.8,209.3,0,0,0,0,40.9,25.4,49.5,30.8,138555891.6,1739.66,22416.59,13127558.19,1442538.7,0
48079,TX,Cochran County,2516,-18.5481292,-1.680343884,418696,186,3,98,NA,NA,1,100,0.9026,0.9408,0.8265,0.9437,0.6458,15.42991755,28.66117,2.434236356,59.95288575,0.23557126,35.80683157,17.00039262,9,16.33372503,32.62285376,33.2741267,15.98579041,8.466548253,9.650680876,38203,27.08910891,3,6.3,229.4,44.3,35.5,20.3,211.9,56.7,29.2,14.1,156,102,185,233,235,212,234,65,0,0,0,0,100,0,0,100,0,0,NA,100,100,0,100,0,23.3,1084,0,0,5.811808118,16.7896679,1.199261993,9.870848708,1.752767528,10.51660517,20.57195572,21.77121771,17.52767528,0,0,150,150,100,0,0,0,0,0,0,0,0,0,0,0,0,0,0,0,0,0,0,0,0,2534882,2,1393376,49271,NA,222.6,138.3,41.8,26,0,0,36.4,22.6,69.8,43.4,134185239.1,9942.51,112158,12521378.22,2009094.04,0
48081,TX,Coke County,3321,-1.054216867,1.003649635,234644,219,81.8,1,NA,NA,2,100,0.4924,0.3756,0.951,0.627,0.1725,25.66210046,19.8173516,0.213089802,20.1217656,0.456621005,75.28158295,10.53272451,3,4.805352798,16.2456446,33.36236934,23.86759582,6.097560976,20.42682927,42639,14.02400505,3,4.8,258.4,22.9,38.2,38.9,243.7,33.3,37.8,28.8,97,102,72,78,76,37,152,67,0,0,0,0,0,0,0,0,0,0,0,100,100,0,100,0,24.7,1370,100,100,2.554744526,7.00729927,1.167883212,18.39416058,4.379562044,23.06569343,16.35036496,17.00729927,12.62773723,0,0,526.8,525,99.7,0,0,0,0,0,0,0,0,0,0,0,0,1.8,0.3,0,0,0,0,0,0,215214,6975,896158,274812,NA,261.6,162.5,172.5,107.2,11.9,7.4,80.5,50,0,0,105862421.5,12097.19,21068.3,18097736.82,3667637.08,5.698883634
48101,TX,Cottle County,1381,-8.305647841,0.509461426,86435,249,13.3,14,NA,NA,1,100,0.8651,0.8208,0.9994,0.7301,0.2276,25.28985507,20.50724638,6.956521739,23.69565217,0.144927536,65.36231884,9.347826087,0.8,0,14.6100691,28.23297137,30.9970385,6.515301086,19.64461994,43654,23.01282051,2,4.6,237,36.5,37.8,25.7,219.1,50.4,30.6,19,172,102,211,164,221,167,153,7,0,0,0,0,100,0,0,0,0,0,NA,100,100,0,100,0,17.1,740,0,0,6.351351351,15.40540541,0,8.378378378,2.027027027,29.05405405,21.48648649,15.67567568,7.972972973,0,0,0,0,0,0,0,0,0,0,0,0,0,0,0,0,0,0,0,0,0,0,0,0,0,134979,13121,14041,1468745,NA,254.3,158,69.8,43.4,0,0,54.8,34,0,0,121030297.2,6051.84,12964.11,16549729.13,1575923.43,2.38725491
48103,TX,Crane County,4680,6.857142857,0.257069409,1044081,132,-9.8,225,NA,NA,0,0,0.6388,0.3682,0.3011,0.9634,0.9379,12.0855615,28.32085561,1.497326203,67.55080214,0.299465241,28.70588235,24.34224599,11.8,24.00085948,24.47988904,37.41331484,17.99583911,5.859916782,14.25104022,67804,5.436212188,2,9.6,238.5,38.1,32.5,29.4,223.9,47.2,30.3,22.5,48,32,99,138,24,189,208,63,0,0,0,0,100,0,0,0,0,0,NA,0,100,0,100,0,26,2039,0,0,25.35556645,4.757233938,2.893575282,15.79205493,0.343305542,15.69396763,18.48945562,26.04217754,15.98822952,0,0,353,0,0,150,42.5,203,57.5,0,0,0,0,0,0,0,0,0,0,0,0,0,0,0,0,10496753,57638,49455924,6807915,NA,252.8,157.1,162.6,101,61.4,38.1,407.9,253.5,117.6,73.1,136635341.8,13458.34,26543.23,8542000.06,662374.92,0
48105,TX,Crockett County,3068,-16.69803711,-1.382192221,1187371,120,-15.4,241,NA,NA,0,0,0.7027,0.5516,0.7839,0.9408,0.5353,18.26985152,22.72433828,0.581020013,61.97546804,0.290510006,34.86120077,22.78889606,0,10.75195645,20.33213645,38.1508079,23.11490126,2.244165171,16.15798923,52731,7.328033184,2,6.7,232.5,39.4,37.2,23.4,213.8,51.2,34.9,13.9,238,242,158,133,92,177,164,58,0,0,0,0,0,0,0,0,0,0,0,100,100,0,100,0,27.5,1568,0,0,13.07397959,3.635204082,0,17.98469388,4.464285714,15.43367347,14.85969388,26.59438776,17.02806122,0,0,800.6,800.6,100,0,0,0,0,0,0,0,0,0,0,0,0,0,0,0,0,0,0,0,0,4567129,108654,46651805,34187912,NA,451.2,280.3,461.6,286.8,35.9,22.3,752.2,467.4,25.4,15.8,300835446.6,13345.74,27131.19,48752750.97,2372745.69,7.842560637
48107,TX,Crosby County,5106,-15.28305001,0.156924284,329731,204,9.9,22,NA,NA,3,100,0.9278,0.8555,0.9971,0.9278,0.4796,18.35184103,25.73543737,2.27936879,55.11396844,0.155854276,40.44418469,15.371128,6,5.925925926,22.84057971,37.27536232,19.88405797,5.507246377,14.49275362,44304,23.35583414,3,5.6,233.1,38.4,39,22.7,214.7,51,35.5,13.5,223,216,214,167,158,46,216,46,0,0,0,0,100,33.33333333,0,33.33333333,0,0,NA,100,100,0,66.66666667,0,23.2,2379,100,0,0.840689365,11.89575452,1.303068516,9.079445145,2.816309374,23.45523329,19.04161412,18.24295923,14.1656158,0,0,367.3,367.3,100,0,0,0,0,0,0,0,0,0,0,0,0,0,0,0,0,0,0,0,0,594659,0,0,0,NA,118.6,73.7,0,0,0,0,60.2,37.4,0,0,131374575,19280.28,107231.26,13170716.97,3894899.41,11.49309929
48173,TX,Glasscock County,1149,-8.972267537,3.141831239,4711124,50,-20.5,249,NA,NA,1,100,0.352,0.5468,0.3616,0.7903,0.0668,14.78494624,24.37275986,0.716845878,34.67741935,0,63.62007168,13.44086022,9.4,22.85012285,24.54873646,18.2912154,22.62334537,3.730445247,30.80625752,85417,12.44881245,2,2.9,253,31,30.5,38.5,241.2,38.6,29.1,32.3,NR,NR,NR,NR,NR,NR,NR,NR,0,0,0,0,100,0,0,0,0,0,0,100,100,0,100,0,23.2,595,0,0,8.907563025,29.24369748,5.714285714,2.18487395,1.008403361,12.60504202,4.033613445,22.35294118,22.85714286,0,0,733.1,733.1,100,0,0,0,0,0,0,0,0,0,0,0,0,0,0,0,0,0,0,0,0,49918631,5914,228236265,461974,NA,363.9,226.1,176.1,109.5,10.5,6.5,360.4,224,47.9,29.7,148840734.2,3593.47,23905.11,12165625.44,3149389.79,0.162560962
48189,TX,Hale County,32220,-10.341025,-0.67511329,1319159,114,-1.4,166,NA,NA,6,66.7,0.9313,0.8074,0.8584,0.9519,0.9468,13.46473157,25.76409815,4.246356313,59.92558883,0.304409323,32.87928172,19.23005965,6.1,10.10979653,24.7590808,32.03854707,20.34593526,6.142821843,16.71361502,48649,17.02942035,3,6.1,233.3,38.9,36.9,24.3,215.3,50.9,33.3,15.7,139,148,144,135,113,84,173,129,0,0,0,0,100,33.33333333,0,100,0,0,NA,66.66666667,88.88888889,0,44.44444444,0,18.2,14277,0,0,2.612593682,13.44119913,1.442880157,8.370105765,3.62821321,19.32478812,21.00581355,13.23807523,19.54892484,0,0,1244.8,478,38.4,0,0,0,0,0,0,0,0,599.4,48.2,0,0,167.4,13.4,0,0,0,0,0,0,900416,0,1282482,0,NA,589.1,366.1,9,5.6,53.9,33.5,253.2,157.3,6,3.7,164754585.9,91607.79,485159.72,14637183.58,10842354.49,30.04993836
48219,TX,Hockley County,21363,-6.095487247,-0.590972545,2006348,88,-7,211,NA,NA,3,42.9,0.9395,0.8606,0.8873,0.8927,0.9195,14.71885592,26.00176441,2.623392302,49.32906161,0.380740122,45.28021544,16.87328783,5,8.426395939,23.45260052,26.44042789,23.51899668,9.575802287,17.01217263,49241,15.81915504,3,6,245.7,32.9,33.7,33.4,230.9,42.8,31.8,25.4,200,190,200,146,156,125,159,85,0,0,0,0,100,0,42.85714286,42.85714286,0,0,NA,42.85714286,100,0,57.14285714,14.28571429,21.8,9519,0,0,8.897993487,12.75344049,3.666351508,10.69440067,5.819939069,16.46181322,17.15516336,17.41779599,16.0310957,0,0,0,0,0,0,0,0,0,0,0,0,0,0,0,0,0,0,0,0,0,0,0,0,0,10105142,1375,6032713,15213,NA,378.3,235.1,82.3,51.1,0,0,193.2,120.1,109.5,68,155226422.9,69711.38,379974.64,9784139.84,9419348.12,42.14643939
48243,TX,Jeff Davis County,1949,-14.77369769,-1.466127401,84951,250,8,31,NA,NA,1,100,0.6044,0.6614,0.4558,0.6649,0.4742,36.37274549,14.27855711,0,30.71142285,0.300601202,64.22845691,16.63326653,12.9,12.71647699,13.38994121,17.89679948,34.68321359,6.792945787,27.23709993,38659,22.03045685,4,4.3,260.7,25.6,26.2,48.1,250.6,31.9,26.3,41.7,161,102,196,82,140,227,68,1,0,0,0,0,100,0,0,0,0,0,0,100,100,0,100,0,15.7,696,0,0,0,11.20689655,4.022988506,11.35057471,12.21264368,25.43103448,16.23563218,14.51149425,5.028735632,0,0,0,0,0,0,0,0,0,0,0,0,0,0,0,0,0,0,0,0,0,0,0,0,0,0,0,0,0,NA,42.6,26.5,0,0,0,0,0,0,0,0,160020926.7,8253.54,11569.43,38644034.09,2761188.22,0
48267,TX,Kimble County,4365,-6.967657912,1.771974819,147483,236,3.9,73,NA,NA,2,100,0.627,0.6757,0.6961,0.6528,0.338,29.67802147,17.00886608,0.186654223,23.00513299,0.32664489,73.16845544,8.142790481,2.8,4.749708964,14.32129514,28.76712329,24.15940224,4.638854296,28.11332503,55677,13.8653484,3,4.1,251.5,25.6,39.4,34.9,234.6,38,37.7,24.4,186,197,162,67,107,51,104,18,0,0,0,0,0,0,0,0,0,0,0,50,100,0,100,0,22.9,2128,100,100,0.939849624,14.89661654,1.691729323,14.47368421,3.90037594,17.95112782,18.98496241,19.68984962,8.411654135,0,0,0,0,0,0,0,0,0,0,0,0,0,0,0,0,0,0,0,0,0,0,0,0,0,248,0,0,0,NA,311.8,193.7,62.7,39,53.2,33,274.4,170.5,0,0,113351234,14285.07,19227.05,23442424.03,9487526.85,0.001355825
48269,TX,King County,258,-7.342657343,-4.444444444,133042,239,-16.7,243,NA,NA,1,100,0.3215,0.9058,0.2715,0.571,0.0016,15.8490566,28.67924528,0,9.433962264,0,86.79245283,4.528301887,0,14.84716157,23.4939759,35.54216867,15.6626506,0,25.30120482,42125,29.25764192,4,0.9,256.4,23.1,40.1,36.9,244.6,31.5,42.3,26.2,NR,NR,NR,NR,NR,NR,NR,NR,0,0,0,0,100,0,0,0,0,0,NA,0,0,0,0,0,13.3,98,0,0,3.06122449,10.20408163,0,14.28571429,2.040816327,21.42857143,20.40816327,24.48979592,7.142857143,0,0,0,0,0,0,0,0,0,0,0,0,0,0,0,0,0,0,0,0,0,0,0,0,0,1398706,8,142809,58374,NA,88.6,55,29.9,18.6,0,0,48.7,30.2,10.4,6.4,111864005.5,333.11,8929.54,17358716.47,869890.32,0.000118119
48275,TX,Knox County,3351,-9.841355203,-0.297530497,208343,225,28.2,4,NA,NA,2,100,0.7339,0.6264,0.9879,0.8167,0.184,19.83298539,24.66447957,4.354309574,33.70116314,0.238592305,57.70951387,9.096331643,9.6,8.924349882,18.99782135,31.1546841,28.54030501,6.361655773,14.94553377,50163,9.762050031,4,4.7,250.7,27.4,38.5,34.1,235.3,38.3,37.9,23.9,162,205,77,156,98,242,92,78,0,0,0,0,100,50,0,0,0,0,0,100,100,0,50,0,17.3,1471,0,0,5.506458192,10.80897349,0.203942896,6.458191706,4.146838885,12.71244052,23.31747111,22.22977566,20.12236574,0,0,954.4,954.4,100,0,0,0,0,0,0,0,0,0,0,0,0,0,0,0,0,0,0,0,0,150109,0,124794,0,NA,346.4,215.2,21.1,13.1,0,0,39.2,24.4,1.3,0.8,126833296.1,13094.6,23443.72,17004613.95,3825829.92,4.371076235
48279,TX,Lamb County,12898,-6.668097589,-0.662353666,669596,166,-7.5,215,NA,NA,5,100,0.8848,0.7915,0.986,0.9297,0.4672,17.03334611,27.0908394,3.004982752,57.10233806,0.114986585,38.18321196,23.33461096,3.5,10.20004564,23.73085735,35.94597854,19.48631376,8.18762812,12.64922224,50041,18.2710136,4,5,236.1,38.8,35.7,25.5,218.9,50.4,31.9,17.7,212,203,207,168,220,145,151,24,0,0,0,0,100,60,0,20,0,0,NA,100,80,0,80,0,18.5,5484,0,0,2.115244347,12.96498906,3.938730853,10.53975201,7.403355215,15.44493071,17.21371262,16.3384391,16.15609044,0,0,1472.2,0,0,0,0,0,0,0,0,0,0,0,0,336.4,22.9,0,0,0,0,1135.8,77.1,0,0,180159,0,191294,0,NA,614.7,381.9,60.1,37.4,0,0,261.7,162.6,5.9,3.7,169006990.4,44091.44,290131.96,15165598.98,7697112.8,21.27489251
48317,TX,Martin County,5211,9.126901438,-0.742857143,14429263,19,1.2,134,NA,NA,0,0,0.3931,0.3211,0.6127,0.8686,0.1868,11.15142257,29.42524346,1.546687035,43.05900325,0.420087837,53.08382662,14.66488448,6.2,9.706502973,19.25324675,33.37662338,23.11688312,3.246753247,21.00649351,69194,13.30754352,2,4.8,247.9,30.6,35.7,33.7,235.5,38.8,35.6,25.6,199,236,69,85,48,184,86,187,0,0,0,0,100,0,0,0,0,0,0,100,50,0,100,0,17.7,2285,100,100,13.87308534,15.75492341,2.100656455,13.47921225,2.100656455,8.18380744,23.76367615,15.97374179,18.64332604,0,0,120,120,100,0,0,0,0,0,0,0,0,0,0,0,0,0,0,0,0,0,0,0,0,188210534,82,439180410,5706,NA,276.4,171.8,86.8,54,0,0,277,172.1,0,0,156082515.2,13182.75,18667.21,5971730.96,3467251.03,10.75088662
48345,TX,Motley County,1067,-12.14876033,1.425855513,29917,254,-16.4,242,NA,NA,1,100,0.4446,0.3654,0.9602,0.5697,0.0882,29.72718721,20.88428975,0.658513641,14.39322672,0,80.71495767,7.243650047,1.5,0.630417652,13.41330425,29.2257361,27.69901854,8.069792803,21.59214831,59286,7.249802995,3,5.1,264.8,17,38.8,44.2,250.3,27.2,41.2,31.6,99,102,75,76,59,119,136,21,0,0,0,0,100,100,0,0,0,0,NA,100,100,0,100,0,16.9,613,0,0,0,20.88091354,1.957585644,9.787928222,3.099510604,15.66068515,9.135399674,29.03752039,10.44045677,0,0,0,0,0,0,0,0,0,0,0,0,0,0,0,0,0,0,0,0,0,0,0,0,0,23397,0,2125,0,NA,250,155.3,56.7,35.2,0,0,0,0,0,0,128187394.4,3997.43,21314.5,19767964.34,2368466.34,1.120088932
48353,TX,Nolan County,14597,-3.141430074,-0.842334081,1007421,135,6.2,47,NA,NA,2,40,0.9707,0.8854,0.9959,0.8485,0.7947,18.34034469,25.17302212,4.240738228,36.32785995,0.359614602,55.21780432,13.73320668,5,6.450736742,17.67123288,33.02423604,24.82613277,8.166491043,16.31190727,44700,16.22516556,3,4.8,246.1,30.2,37.9,31.9,230,41.6,35.8,22.6,180,198,140,141,209,107,114,77,0,0,0,0,0,40,0,0,0,0,NA,40,80,0,40,0,16.9,6113,0,0,3.566170456,10.69851137,2.911827253,6.265336169,5.643710126,20.84083102,17.83085228,13.93751022,21.87142156,0,0,2761.9,2552,92.4,200,7.2,9.9,0.4,0,0,0,0,0,0,0,0,0,0,0,0,0,0,0,0,1050193,1383,1682085,260753,NA,607.5,377.5,120.8,75.1,101.6,63.1,352.5,219.1,0,0,114767387.5,46473.87,115807.74,22115235.37,7356987.58,11.31118348
48377,TX,Presidio County,6140,-21.5784088,0.62274664,257428,216,6.3,46,NA,NA,2,100,0.9994,0.9975,1,0.986,0.6496,23.06312184,23.79709672,0.407763823,81.40596966,0.260968847,15.67444136,39.92823357,28.6,43.01517067,47.91100124,12.92954265,13.20148331,8.182941904,17.7750309,26395,33.89213981,5,10.5,210.4,59.1,29.2,11.7,193.3,71.1,18,10.9,102,12,243,243,244,243,238,22,0,0,0,0,100,50,0,0,0,0,NA,0,100,0,100,0,21.6,2657,0,0,0.828001506,10.95220173,2.37109522,19.60858111,1.016183666,16.40948438,12.11893113,34.77606323,2.747459541,0,0,14,0,0,10,71.4,4,28.6,0,0,0,0,0,0,0,0,0,0,0,0,0,0,0,0,0,0,0,0,NA,173.1,107.6,0,0,0,0,100.4,62.4,0,0,313431780.4,18266.08,16442.19,59782871.78,2454652.24,1.309725834
48383,TX,Reagan County,3253,0.534600535,-3.643364929,5700871,41,-10.2,229,NA,NA,0,0,0.4936,0.6626,0.2069,0.9707,0.2241,10.84194978,29.03988183,0.974889217,67.44460857,0.35450517,28.59675037,23.36779911,7.5,14.30270592,14.8340249,43.30912863,21.00622407,7.105809129,13.74481328,62829,8.17855003,3,7.7,231.7,41.6,36.3,22,214.2,52.5,34.4,13.1,105,102,96,89,86,190,129,3,0,0,0,0,100,0,0,100,0,0,NA,100,100,0,100,0,20,1546,0,0,35.57567917,17.14100906,0,10.67270375,2.97542044,12.22509702,13.19534282,26.13195343,17.65847348,0,0,300,300,100,0,0,0,0,0,0,0,0,0,0,0,0,0,0,0,0,0,0,0,0,45157625,12206,341527085,1303743,NA,230.6,143.3,91.5,56.9,71.2,44.3,233.7,145.2,0,0,188065580.2,8959.27,20752.33,9585862.46,1633852.22,0.616048913
48389,TX,Reeves County,14487,7.00137851,-1.649694501,12789394,22,-17.1,244,NA,NA,2,40,0.9042,0.9141,0.5745,0.9793,0.8912,11.26932465,21.21643613,1.518850014,84.82506103,0.183075671,11.50664497,24.95931652,16.8,18.0266045,29.52018122,38.37520593,17.02018122,5.539538715,9.544892916,53548,17.44573672,3,5.9,220.8,50.3,32.5,17.2,206.2,60.3,25.7,14,70,48,122,205,171,210,205,103,0,0,0,0,100,25,0,50,0,50,NA,0,100,0,100,0,18.6,6579,0,0,14.45508436,6.809545524,1.170390637,8.481532148,0.866393069,17.54065967,9.621523028,26.91898465,28.59097127,5,30,272.8,0,0,100,36.7,172.8,63.3,0,0,0,0,0,0,0,0,0,0,0,0,0,0,0,0,76241339,92266699,241573019,933479598,NA,241.2,149.9,133.4,82.9,75.9,47.1,1211.3,752.7,35.4,22,432099892.9,33877.99,38352.79,36582162.04,2476719.42,2.235397517
48399,TX,Runnels County,9943,-5.723264451,0.22175184,327978,205,8.2,28,NA,NA,2,50,0.543,0.5904,0.9048,0.7794,0.0827,20.42424242,22.86868687,1.333333333,33.87878788,0.393939394,61.23232323,12.14141414,1.3,4.510974006,16.80339877,35.5112804,23.13214181,6.929387636,17.62379139,52103,13.14089204,3,4.1,246.1,30.2,39.4,30.4,230.8,41.4,37.3,21.3,100,84,108,92,137,77,88,155,0,0,0,0,0,75,0,50,0,0,NA,0,75,0,25,0,23.9,4475,100,100,4.648044693,12.67039106,1.854748603,13.83240223,6.055865922,16.73743017,19.91061453,15.44134078,13.4972067,0,0,0,0,0,0,0,0,0,0,0,0,0,0,0,0,0,0,0,0,0,0,0,0,0,238854,298,399593,91634,NA,422.7,262.7,205.2,127.5,35.4,22,142.7,88.7,0,0,162214697.1,36633.19,58870.23,13952303.4,8336265.84,9.973889977
48415,TX,Scurry County,16824,0.065007978,-0.631976847,2180743,81,-3.2,183,NA,NA,2,50,0.7699,0.6897,0.6092,0.8673,0.7441,14.67044649,25.29529884,3.537680132,42.16276872,0.354358611,51.00992204,13.96763525,1.9,7.406535178,18.98653566,32.7510917,24.5724163,7.933042213,15.75691412,53376,13.20792475,3,6.7,246.3,31.4,36.2,32.4,232,41.4,34.1,24.4,124,92,149,115,147,123,134,38,0,0,0,0,100,0,0,25,0,0,NA,100,100,0,75,0,18.1,6666,0,0,15.60156016,7.890789079,3.840384038,6.690669067,3.510351035,19.17191719,20.94209421,20.4320432,17.52175218,0,0,1266.5,1061.4,83.8,0,0,50,3.9,0,0,153.9,12.2,0,0,0,0,1.2,0.1,0,0,0,0,0,0,14697962,0,44614488,0,NA,748.9,465.4,120.1,74.6,0,0,141.3,87.8,80.7,50.1,133707562.5,58718.43,97374.78,11096812.9,8209812.74,9.142605848
48443,TX,Terrell County,724,-22.76422764,-2.688172043,171409,232,11.8,16,NA,NA,1,100,0.162,0.3339,0.5356,0.901,0.001,32.63157895,18.94736842,1.052631579,48.68421053,0,46.31578947,15,1.6,0.817160368,13.58024691,27.28395062,35.18518519,3.333333333,20.61728395,47012,5.107252298,5,3.6,243.5,33.4,32.3,34.3,227.3,43.5,30.6,25.8,NR,NR,NR,NR,NR,NR,NR,NR,0,0,0,0,0,100,0,0,0,0,NA,0,0,0,100,0,37.2,335,0,0,0,12.8358209,0,7.462686567,0.895522388,11.34328358,15.52238806,21.79104478,30.14925373,0,0,0,0,0,0,0,0,0,0,0,0,0,0,0,0,0,0,0,0,0,0,0,0,0,17179,49622,319474,16178300,NA,21.1,13.1,0,0,0,0,185.3,115.2,49,30.5,211086622.3,4042.38,7448.8,55375234.93,1077175.06,2.859940173
48461,TX,Upton County,3265,-1.400894188,-0.940533981,8381526,30,-7.3,213,NA,NA,0,0,0.501,0.2724,0.6655,0.9249,0.5032,14.75211608,26.29987908,1.783555018,54.32285369,0.332527207,39.84280532,29.83675937,7.6,9.221556886,23.9442947,36.47798742,20.9344115,6.693620845,11.94968553,58333,16.8597561,3,5.2,240.1,34.7,38.7,26.6,222.7,46.4,36.6,17,167,192,100,131,101,109,163,128,0,0,0,0,100,0,0,0,0,0,NA,50,50,0,100,0,23.6,1424,0,0,23.59550562,16.29213483,3.16011236,6.039325843,2.668539326,16.85393258,19.94382022,20.36516854,14.67696629,0,0,1689.2,949.3,56.2,730,43.2,9.9,0.6,0,0,0,0,0,0,0,0,0,0,0,0,0,0,0,0,92660522,122400,353185853,7069166,NA,419.1,260.4,216.1,134.3,21.4,13.3,376.2,233.8,106.2,66,198716677.8,10370.62,24346.79,9484813.39,1688194.68,0.00238943
48475,TX,Ward County,11194,9.251266654,-3.963623885,4761159,49,-6.8,209,NA,NA,2,66.7,0.7314,0.7241,0.7072,0.9262,0.4354,12.95087599,27.12126417,3.564067331,54.31982137,0.352112676,38.69804191,19.76983854,5.6,9.274725275,21.2831672,35.2239225,26.23894427,6.373718939,10.88024709,66216,13.74235305,3,7.2,240.3,33.3,38.9,27.8,224.2,44,38.4,17.6,214,227,169,145,94,186,177,56,0,0,0,0,100,0,0,0,0,0,NA,0,100,0,66.66666667,0,21.1,5120,0,0,14.35546875,9.51171875,4.6484375,9.7265625,2.75390625,18.06640625,19.70703125,14.0234375,21.5625,0,0,577.7,0,0,0,0,130.7,22.6,0,0,0,0,447,77.4,0,0,0,0,0,0,0,0,0,0,44329177,7042798,100289389,69912546,NA,331.3,205.9,76.6,47.6,69.9,43.4,1326.1,824,28.4,17.7,145515426.6,34416.27,38745.83,9312687.81,2245800.74,11.7832493
48043,TX,Brewster County,9450,3.401213172,-1.212628058,393341,191,6.4,43,NA,NA,1,33.3,0.7849,0.7884,0.5993,0.8778,0.6429,23.53865493,17.80850618,1.697045883,41.51477058,0.314267756,51.83322858,19.89314896,5.9,12.74602673,12.01117318,16.38268156,21.57821229,3.980446927,46.04748603,48679,14.12867766,3,4.5,255.9,25,30.9,44.1,242,33.5,32.3,34.2,30,88,8,33,12,112,74,13,0,0,0,0,66.66666667,0,0,0,0,0,0,100,66.66666667,0,33.33333333,0,14.6,4919,0,0,0.162634682,22.38259809,2.886765603,12.56352917,5.062004472,22.36226875,20.69526326,8.070746087,5.976824558,0,0,50,0,0,50,100,0,0,0,0,0,0,0,0,0,0,0,0,0,0,0,0,0,0,0,0,0,0,NA,239.3,148.7,0,0,0,0,53.7,33.4,0,0,414208599.2,27295.82,54188.13,81323452.7,5945628.55,7.053604513
48095,TX,Concho County,3341,-19.18277465,0.662850256,139977,238,2.6,106,NA,NA,1,100,0.4987,0.3199,0.6544,0.8329,0.4621,26.3699667,13.68452922,2.089009991,31.27459885,0.272479564,63.48773842,9.65788677,4.7,13.42345174,24.70023981,37.72981615,20.58353317,4.15667466,12.82973621,46719,13.71036847,3,4.2,230,45.5,33.2,21.3,219.6,53.9,26,20.1,130,102,141,163,132,96,189,143,0,0,0,0,0,0,0,0,0,0,0,100,100,0,100,0,31.1,923,100,100,1.625135428,13.86782232,2.166847237,10.29252438,13.75947996,15.0595883,17.87648971,23.2936078,3.683640303,0,0,890,640,71.9,250,28.1,0,0,0,0,0,0,0,0,0,0,0,0,0,0,0,0,0,0,159349,118,33133,215422,NA,186.7,116,77.4,48.1,0,0,0,0,0,0,151700688.6,7347.24,25469.4,17839389.13,4369195.11,0.001177981
48125,TX,Dickens County,1740,-27.57774141,-1.136363636,130778,240,-0.3,153,NA,NA,1,100,0.8829,0.8705,0.9685,0.7139,0.5318,23.50282486,22.65536723,1.016949153,28.92655367,0,66.55367232,11.18644068,1.1,8.349267049,16.22544833,32.79248506,20.49530316,10.33304868,20.15371477,42241,14.9122807,3,5.1,250.3,27.7,37.4,34.9,235.3,38.8,35.3,25.9,187,102,230,175,184,72,196,62,0,0,0,0,100,100,0,0,0,0,NA,100,100,0,0,0,29,554,0,0,0.902527076,11.19133574,0.902527076,13.35740072,4.151624549,20.2166065,12.63537906,23.28519856,14.2599278,0,0,150,150,100,0,0,0,0,0,0,0,0,0,0,0,0,0,0,0,0,0,0,0,0,357821,0,20060,0,NA,370.2,230,0,0,0,0,0,0,0,0,110742162.4,8107.84,16451.04,16143244.74,3522598.42,4.751820684
48229,TX,Hudspeth County,3287,-7.882623705,2.847309136,176054,231,0.3,146,NA,NA,1,100,0.9997,0.9924,0.987,0.986,0.994,14.4284822,16.70830731,0.187382886,63.58525921,0.187382886,34.16614616,20.01873829,36.2,42.5948224,50.32651284,22.94296909,14.1924249,4.092294297,8.445798868,32404,27.82241015,7,5.8,196.7,64.9,34.1,1,176.4,80.7,18.1,1.2,220,102,244,231,237,187,235,39,0,0,0,0,100,0,0,0,0,0,100,0,100,0,100,0,21.8,708,0,0,0.847457627,11.01694915,0,8.050847458,6.638418079,29.0960452,25.28248588,10.73446328,9.18079096,0,0,0,0,0,0,0,0,0,0,0,0,0,0,0,0,0,0,0,0,0,0,0,0,0,0,0,0,0,NA,222.3,138.2,0,0,205.3,127.6,587.3,364.9,0,0,596113975.8,6896.37,31023.29,78592937.46,2103427.59,0
48307,TX,McCulloch County,7533,-7.883617047,-0.449319413,312707,208,1.9,122,NA,NA,2,66.7,0.7782,0.7562,0.9236,0.7934,0.3673,23.35517693,21.55963303,1.20576671,31.04849279,0.091743119,64.27260813,14.01048493,1.6,5.627931214,19.50009189,33.00863812,26.24517552,7.22293696,14.02315751,46552,15.87174349,4,6.5,247.5,29.7,37.3,33.1,232.7,40.6,34.7,24.7,134,159,117,151,121,142,172,111,0,0,0,0,0,0,0,0,0,0,0,0,100,0,33.33333333,0,16.6,3421,100,100,7.278573517,11.89710611,2.396959953,8.769365683,5.553931599,22.74188834,14.820228,18.3572055,15.46331482,0,0,340,340,100,0,0,0,0,0,0,0,0,0,0,0,0,0,0,0,0,0,0,0,0,33069,0,0,0,NA,61.3,38.1,108.4,67.4,0,0,0,0,0,0,152566016.8,31160.74,38346.11,22844101.2,7267573.91,6.387988053
48413,TX,Schleicher County,2429,-29.18231725,-0.532350532,181707,229,-4.8,196,NA,NA,0,0,0.7069,0.9348,0.6572,0.9083,0.1082,19.99184007,23.82700938,0.611995104,52.01958384,0.163198694,44.96124031,14.48388413,2.3,8.048684727,15.07566938,28.2887078,34.05122235,5.82072177,16.7636787,61094,11.70003926,3,5.5,247.5,33.5,29.7,36.8,235.1,41.3,28.4,30.3,96,102,71,51,34,139,76,25,0,0,0,0,0,0,0,0,0,0,NA,100,100,0,100,0,25.5,954,100,100,16.66666667,17.9245283,2.830188679,7.966457023,1.677148847,10.06289308,20.96436059,18.97274633,19.60167715,0,0,199.5,199.5,100,0,0,0,0,0,0,0,0,0,0,0,0,0,0,0,0,0,0,0,0,199543,27182,1823513,3481756,NA,287.7,178.8,83.5,51.9,85.2,52.9,293.8,182.6,0,0,197975691.6,9104.48,35436.52,31443668.52,3864857.29,0
48433,TX,Stonewall County,1217,-16.44295302,-2.248995984,178740,230,-11.7,233,NA,NA,1,100,0.4962,0.5637,0.3466,0.6384,0.4083,25.06024096,19.437751,1.445783133,18.15261044,0.240963855,76.94779116,8.995983936,3,1.251840943,15.53884712,38.34586466,29.0726817,2.380952381,14.66165414,62273,7.186081694,3,4.1,249.4,25,44.3,30.7,233.6,37.1,43.6,19.3,136,102,159,112,148,165,108,41,0,0,0,0,100,0,0,0,0,0,0,100,100,0,0,0,14.1,651,0,0,20.58371736,14.59293395,0,5.069124424,1.843317972,20.58371736,19.66205837,14.59293395,23.65591398,0,0,0,0,0,0,0,0,0,0,0,0,0,0,0,0,0,0,0,0,0,0,0,0,0,1004666,0,1281008,0,NA,175.3,109,26.6,16.6,0,0,48.3,30,40.7,25.3,124307958.8,5484.86,10496.41,13491409.14,2807505.01,0
48435,TX,Sutton County,3319,-18.31395349,-1.279000595,275893,212,-11.9,235,NA,NA,0,0,0.7495,0.7158,0.8819,0.9586,0.3065,18.80189798,24.22894425,0.177935943,62.06998814,0.148279953,35.58718861,25.44483986,9.7,13.05238513,23.07692308,34.03263403,19.72027972,4.009324009,19.16083916,61538,12.15420836,3,8.3,245.1,33.1,33.4,33.5,232,40.8,34.1,25.1,75,102,47,94,30,116,188,44,0,0,0,0,0,0,0,0,0,0,0,100,100,0,100,0,17.3,1457,100,100,16.88400824,12.76595745,2.059025395,9.402882636,4.804392588,12.28551819,29.9245024,19.56074125,9.196980096,0,0,0,0,0,0,0,0,0,0,0,0,0,0,0,0,0,0,0,0,0,0,0,0,0,18968,27892,54417,17100354,NA,195.1,121.2,114.4,71.1,0,0,1120.2,696.1,0,0,164546861.9,9156.75,26362.37,32008622.2,3237072.62,6.459242734
48137,TX,Edwards County,1438,-28.97102897,1.697312588,92427,247,-4.2,190,NA,NA,1,100,0.6735,0.6423,0.9927,0.8857,0.056,28.48101266,19.83122363,0.140646976,50.49226442,0.35161744,45.78059072,22.71448664,9.3,9.077598829,21.61572052,21.83406114,28.38427948,7.205240175,20.96069869,40000,13.10140637,3,4.3,240.8,35.2,33.9,30.9,228,43.4,32.7,23.9,131,102,145,119,135,108,105,178,0,0,0,0,0,0,0,0,0,0,0,100,100,0,100,0,19.2,661,0,0,0,11.04387292,0,11.04387292,0,35.24962179,10.59001513,29.19818457,2.874432678,0,0,0,0,0,0,0,0,0,0,0,0,0,0,0,0,0,0,0,0,0,0,0,0,0,4542,3,0,3296904,NA,123.6,76.8,160.7,99.9,0,0,381.8,237.3,0,0,156585990.6,7666.29,6972.65,53163845.82,6568929.24,0
48327,TX,Menard County,1982,-12.48884924,0.558092339,52737,252,-4,187,NA,NA,1,100,0.7702,0.668,0.8211,0.7855,0.6292,31.34556575,18.34862385,0.611620795,33.74108053,0.356778797,62.7420999,11.31498471,9.7,5.098435134,17.91143424,25.44613351,21.54659617,7.931262393,27.16457369,40341,18.90087314,3,4.8,244.4,28.4,42.4,29.2,229,39.3,43.1,17.6,88,102,63,102,42,183,141,121,0,0,0,0,0,0,0,0,0,0,0,100,100,0,100,0,16.5,863,100,100,0,12.86210892,1.158748552,13.32560834,3.244495944,14.48435689,21.4368482,16.801854,16.68597914,0,0,7.5,0,0,7.5,100,0,0,0,0,0,0,0,0,0,0,0,0,0,0,0,0,0,0,67742,82,2733,1919,NA,169.1,105,0,0,9.9,6.1,15.5,9.6,0,0,130838649.7,7657.3,17079.37,20183755.24,5113231.95,0.002800204
48495,TX,Winkler County,7415,9.578059072,-4.310233579,2175872,82,-12.4,237,NA,NA,2,66.7,0.5668,0.4478,0.647,0.9491,0.4112,11.5902965,28.09652163,1.78410987,60.73674753,0.487742267,34.68104223,20.02310358,6,15.48040372,28.27213823,30.21598272,24.77321814,6.587473002,10.15118791,67904,12.15337668,3,7.7,233.8,41.5,33.9,24.7,217.7,52.2,29.5,18.3,234,241,170,204,81,237,213,68,0,0,0,0,100,33.33333333,100,0,0,0,NA,0,100,0,33.33333333,0,23.6,3363,0,0,17.66280107,8.623253048,2.408563782,6.244424621,2.022004163,20.07136485,17.72227178,17.36544752,25.54267023,0,0,250,0,0,250,100,0,0,0,0,0,0,0,0,0,0,0,0,0,0,0,0,0,0,18868701,1509042,36268651,19532046,NA,298.2,185.3,136.8,85,50.1,31.1,589.3,366.2,26.6,16.5,147923745,27322.31,38798.14,12946750.62,725625.82,4.074258671
48109,TX,Culberson County,2193,-8.757297748,0,2577980,74,-4.3,191,NA,NA,1,100,0.985,0.9322,0.9955,0.9924,0.8195,20.84095064,21.34369287,0.914076782,75.18281536,0.50274223,20.33820841,27.01096892,24.8,14.16930738,36.28028815,39.09626719,7.334643091,0.065487885,17.22331369,34239,28.14344076,5,4.8,207.4,55.2,36.7,8.1,186.7,69.8,26.6,3.6,159,102,195,237,234,236,232,82,0,0,0,0,100,0,0,0,0,0,NA,0,100,0,100,0,21.9,756,0,0,1.322751323,8.597883598,0,18.38624339,0,29.89417989,3.306878307,21.95767196,17.85714286,1,30,447.2,0,0,447.2,100,0,0,0,0,0,0,0,0,0,0,0,0,0,0,0,0,0,0,284462,37828884,1724906,459807185,NA,137.8,85.6,32.3,20,164.7,102.3,589.5,366.3,0,0,440793498.1,6476.95,40321.64,67274319.53,1124779.55,4.627390115
48431,TX,Sterling County,1381,20.03499563,-0.14461316,287865,211,-2.1,171,NA,NA,1,100,0.2511,0.2899,0.3768,0.7753,0.0958,14.13994169,26.02040816,0.218658892,32.72594752,0.29154519,63.19241983,12.82798834,1.5,6.613946801,7.577639752,46.58385093,25.0931677,1.98757764,18.75776398,55481,4.481998531,2,5.1,244,26.2,46.7,27.2,224.6,39.3,48.8,12,NR,NR,NR,NR,NR,NR,NR,NR,0,0,0,0,100,0,0,0,0,0,NA,100,100,0,0,0,20.5,583,100,100,19.72555746,15.09433962,0,11.66380789,0,22.46998285,21.95540309,13.55060034,15.26586621,1,637,1473.9,1328.9,90.2,145,9.8,0,0,0,0,0,0,0,0,0,0,0,0,0,0,0,0,0,0,443365,24550,3901736,2107020,NA,185.9,115.5,128.4,79.8,0,0,266.4,165.5,0,0,118655406.3,4095.25,9587.31,20269902.16,1298833.11,0
48263,TX,Kent County,749,-6.806930693,-1.317523057,275136,213,-15.3,240,NA,NA,1,100,0.1731,0.0547,0.5974,0.4233,0.2521,23.90438247,19.2563081,0.26560425,10.75697211,0.398406375,87.25099602,4.913678619,3.7,0.791139241,11.08545035,23.78752887,29.33025404,3.002309469,32.79445727,63994,13.03602058,2,2.9,257.8,28.6,29.9,41.5,246.4,37.4,25.4,37.2,NR,NR,NR,NR,NR,NR,NR,NR,0,0,0,0,100,0,0,0,0,0,0,100,0,0,0,0,13.4,213,0,0,4.694835681,10.79812207,4.694835681,18.30985915,7.042253521,17.37089202,16.43192488,16.90140845,8.450704225,0,0,30,30,100,0,0,0,0,0,0,0,0,0,0,0,0,0,0,0,0,0,0,0,0,1984625,0,4569734,0,NA,293.3,182.3,0,0,0,0,0,0,17.4,10.8,116208178.3,3059.89,24794.76,16718327.13,1733543.95,1.756231734
48305,TX,Lynn County,5688,-5.39306847,1.462718516,370153,196,14.6,12,NA,NA,2,66.7,0.8345,0.8176,0.9809,0.8768,0.268,16.29735525,28.37741244,1.876340243,42.03002144,0.268048606,52.89492495,11.74052895,3.5,3.937712547,20.95395644,28.53598015,20.92638544,6.479183899,23.10449407,49747,15.87733624,2,4.3,243,33.7,36.5,29.8,226.7,44.5,34.5,21,222,212,217,114,180,93,95,102,0,0,0,0,100,0,0,0,0,0,NA,66.66666667,100,0,66.66666667,0,22.2,2587,100,0,3.053730189,17.5879397,2.280633939,13.95438732,4.406648628,16.11905682,18.86354851,17.08542714,9.702357944,3,5,699.6,699.6,100,0,0,0,0,0,0,0,0,0,0,0,0,0,0,0,0,0,0,0,0,153710,0,34142,0,NA,260.2,161.7,8.1,5.1,0,0,70.5,43.8,44.8,27.8,150277252.8,18320.94,130491.96,14121277.19,4909755.07,2.67996361
48371,TX,Pecos County,15118,-2.024891984,-0.309924167,3619704,61,-12.6,238,NA,NA,2,50,0.9115,0.6031,0.6856,0.9752,0.999,12.92042388,23.78068847,3.323899164,71.3815573,0.217205292,22.85921148,22.72757191,8.1,13.65609788,25.0295858,37.68244576,21.49901381,4.309664694,11.47928994,55652,21.89266631,2,7.1,223.6,44.1,38.9,17,207.5,55.3,34.8,9.9,145,149,150,208,153,196,221,132,0,0,0,0,100,0,0,0,0,0,NA,0,100,0,75,0,15.9,5994,0,0,14.38104771,9.142475809,1.501501502,7.857857858,4.254254254,20.95428762,19.11911912,23.10643977,14.06406406,8,1222,2120.6,542.2,25.6,1559.7,73.5,17.4,0.8,0,0,0,0,0,0,0,0,1.3,0.1,0,0,0,0,0,0,31800748,488805,89435718,41863689,NA,897.3,557.5,28.3,17.6,0,0,2529.3,1571.6,297.2,184.7,614537161.3,35312.24,63410.12,104153648.6,5118678.63,10.38155019
